Trip_ID,Driver_ID,Vehicle_ID,Trip_Type,Trip_Date,Start_Time,End_Time,Duration_Minutes,Distance_KM,Avg_Speed_KMH,Max_Speed_KMH
T001,D01,V01,Quick_Commerce,2026-08-10,2026-08-10 16:32:00,2026-08-10 17:00:00,28,13.24,28.38,39.96
T002,D01,V01,Food_Delivery,2026-08-11,2026-08-11 17:14:00,2026-08-11 17:50:00,36,19.97,33.29,45.89
T003,D01,V01,Food_Delivery,2026-08-12,2026-08-12 19:27:00,2026-08-12 19:49:00,22,11.75,32.05,45.79
T004,D01,V01,On_Demand_Rider,2026-08-13,2026-08-13 20:33:00,2026-08-13 21:04:00,31,16.81,32.54,42.18
T005,D01,V01,Food_Delivery,2026-08-14,2026-08-14 22:31:00,2026-08-14 22:46:00,15,7.53,30.13,43.36
T006,D01,V01,Food_Delivery,2026-08-15,2026-08-15 23:33:00,2026-08-15 23:57:00,24,12.68,31.7,42.92
T007,D01,V01,Parcel_Delivery,2026-08-17,2026-08-17 01:23:00,2026-08-17 01:42:00,19,9.41,29.71,42.68
T008,D01,V01,Quick_Commerce,2026-08-11,2026-08-11 02:24:00,2026-08-11 03:01:00,37,20.41,33.09,50.19
T009,D01,V01,Food_Delivery,2026-08-12,2026-08-12 04:18:00,2026-08-12 04:53:00,35,19.68,33.73,46.05
T010,D01,V01,On_Demand_Rider,2026-08-13,2026-08-13 05:01:00,2026-08-13 05:20:00,19,8.61,27.18,36.27
T011,D01,V01,Food_Delivery,2026-08-13,2026-08-13 17:41:00,2026-08-13 18:06:00,25,12.69,30.46,43.94
T012,D01,V01,Parcel_Delivery,2026-08-14,2026-08-14 18:29:00,2026-08-14 19:00:00,31,16.29,31.53,44.02
T013,D01,V01,Food_Delivery,2026-08-15,2026-08-15 20:24:00,2026-08-15 20:43:00,19,8.61,27.18,37.58
T014,D01,V01,Food_Delivery,2026-08-16,2026-08-16 21:20:00,2026-08-16 21:49:00,29,14.52,30.04,39.27
T015,D01,V01,Parcel_Delivery,2026-08-10,2026-08-10 23:29:00,2026-08-11 00:06:00,37,19.7,31.94,44.15
T016,D02,V02,Food_Delivery,2026-08-10,2026-08-10 16:42:00,2026-08-10 17:18:00,36,18.65,31.08,44.55
T017,D02,V02,Parcel_Delivery,2026-08-11,2026-08-11 17:09:00,2026-08-11 17:25:00,16,7.91,29.65,44.33
T018,D02,V02,Quick_Commerce,2026-08-12,2026-08-12 19:34:00,2026-08-12 19:58:00,24,13.18,32.95,49.12
T019,D02,V02,Parcel_Delivery,2026-08-13,2026-08-13 20:00:00,2026-08-13 20:24:00,24,11.84,29.59,43.5
T020,D02,V02,Quick_Commerce,2026-08-14,2026-08-14 22:11:00,2026-08-14 22:41:00,30,15.99,31.99,51.79
T021,D02,V02,Quick_Commerce,2026-08-15,2026-08-15 23:12:00,2026-08-15 23:44:00,32,16.23,30.44,42.07
T022,D02,V02,Quick_Commerce,2026-08-17,2026-08-17 01:24:00,2026-08-17 01:54:00,30,13.7,27.39,39.08
T023,D02,V02,Quick_Commerce,2026-08-11,2026-08-11 02:44:00,2026-08-11 03:10:00,26,13.64,31.48,43.62
T024,D02,V02,Food_Delivery,2026-08-12,2026-08-12 04:30:00,2026-08-12 04:56:00,26,13.26,30.6,45.15
T025,D02,V02,Parcel_Delivery,2026-08-13,2026-08-13 05:30:00,2026-08-13 06:04:00,34,14.09,24.87,39.88
T026,D02,V02,Quick_Commerce,2026-08-13,2026-08-13 17:03:00,2026-08-13 17:18:00,15,6.96,27.82,44.58
T027,D02,V02,Food_Delivery,2026-08-14,2026-08-14 18:36:00,2026-08-14 18:58:00,22,7.5,20.45,29.67
T028,D02,V02,Food_Delivery,2026-08-15,2026-08-15 20:10:00,2026-08-15 20:46:00,36,19.64,32.73,43.08
T029,D02,V02,Food_Delivery,2026-08-16,2026-08-16 21:19:00,2026-08-16 21:33:00,14,4.43,19.0,26.97
T030,D02,V02,Food_Delivery,2026-08-10,2026-08-10 23:41:00,2026-08-10 23:58:00,17,6.57,23.18,37.16
T031,D03,V03,Food_Delivery,2026-08-11,2026-08-11 05:10:00,2026-08-11 05:45:00,35,16.92,29.0,46.98
T032,D03,V03,Food_Delivery,2026-08-12,2026-08-12 06:14:00,2026-08-12 06:43:00,29,14.99,31.02,43.93
T033,D03,V03,Food_Delivery,2026-08-13,2026-08-13 07:37:00,2026-08-13 08:01:00,24,11.06,27.66,36.98
T034,D03,V03,On_Demand_Rider,2026-08-13,2026-08-13 08:02:00,2026-08-13 08:30:00,28,13.81,29.59,43.69
T035,D03,V03,Food_Delivery,2026-08-14,2026-08-14 09:05:00,2026-08-14 09:22:00,17,7.97,28.14,40.59
T036,D03,V03,Quick_Commerce,2026-08-15,2026-08-15 10:18:00,2026-08-15 10:43:00,25,12.94,31.05,40.81
T037,D03,V03,Food_Delivery,2026-08-17,2026-08-17 05:38:00,2026-08-17 05:57:00,19,8.93,28.21,35.84
T038,D03,V03,On_Demand_Rider,2026-08-11,2026-08-11 06:25:00,2026-08-11 06:40:00,15,6.46,25.86,38.07
T039,D03,V03,Food_Delivery,2026-08-12,2026-08-12 07:10:00,2026-08-12 07:39:00,29,14.65,30.31,43.91
T040,D03,V03,Food_Delivery,2026-08-12,2026-08-12 08:23:00,2026-08-12 08:49:00,26,13.97,32.24,44.18
T041,D03,V03,Food_Delivery,2026-08-13,2026-08-13 09:00:00,2026-08-13 09:24:00,24,12.4,31.01,48.31
T042,D03,V03,Quick_Commerce,2026-08-14,2026-08-14 10:22:00,2026-08-14 10:49:00,27,13.31,29.57,43.94
T043,D03,V03,Parcel_Delivery,2026-08-16,2026-08-16 05:19:00,2026-08-16 05:40:00,21,11.9,33.99,50.42
T044,D03,V03,Food_Delivery,2026-08-17,2026-08-17 06:07:00,2026-08-17 06:43:00,36,17.77,29.61,37.04
T045,D03,V03,Food_Delivery,2026-08-11,2026-08-11 07:24:00,2026-08-11 08:01:00,37,19.14,31.03,44.15
T046,D04,V04,Quick_Commerce,2026-08-10,2026-08-10 16:11:00,2026-08-10 16:33:00,22,17.45,47.59,62.67
T047,D04,V04,Food_Delivery,2026-08-11,2026-08-11 17:01:00,2026-08-11 17:31:00,30,23.15,46.3,62.59
T048,D04,V04,Quick_Commerce,2026-08-12,2026-08-12 19:17:00,2026-08-12 19:53:00,36,28.01,46.69,61.93
T049,D04,V04,Quick_Commerce,2026-08-13,2026-08-13 20:34:00,2026-08-13 20:52:00,18,12.13,40.44,57.28
T050,D04,V04,Food_Delivery,2026-08-14,2026-08-14 22:43:00,2026-08-14 23:17:00,34,25.44,44.9,61.03
T051,D04,V04,Parcel_Delivery,2026-08-15,2026-08-15 23:16:00,2026-08-15 23:32:00,16,11.52,43.2,61.4
T052,D04,V04,Quick_Commerce,2026-08-17,2026-08-17 01:43:00,2026-08-17 02:15:00,32,26.15,49.03,64.54
T053,D04,V04,Quick_Commerce,2026-08-11,2026-08-11 02:38:00,2026-08-11 03:12:00,34,25.77,45.48,62.17
T054,D04,V04,Food_Delivery,2026-08-12,2026-08-12 04:02:00,2026-08-12 04:18:00,16,10.73,40.23,61.11
T055,D04,V04,Food_Delivery,2026-08-13,2026-08-13 05:02:00,2026-08-13 05:38:00,36,28.06,46.77,66.64
T056,D04,V04,Food_Delivery,2026-08-13,2026-08-13 17:06:00,2026-08-13 17:31:00,25,17.62,42.29,57.96
T057,D04,V04,Food_Delivery,2026-08-14,2026-08-14 18:35:00,2026-08-14 18:49:00,14,8.62,36.93,53.41
T058,D04,V04,Parcel_Delivery,2026-08-15,2026-08-15 20:05:00,2026-08-15 20:38:00,33,24.77,45.03,60.75
T059,D04,V04,Food_Delivery,2026-08-16,2026-08-16 21:44:00,2026-08-16 22:12:00,28,21.61,46.3,59.46
T060,D04,V04,Food_Delivery,2026-08-10,2026-08-10 23:38:00,2026-08-10 23:58:00,20,14.51,43.54,58.05
T061,D05,V05,Quick_Commerce,2026-08-10,2026-08-10 16:31:00,2026-08-10 16:59:00,28,14.64,31.38,48.95
T062,D05,V05,Quick_Commerce,2026-08-11,2026-08-11 17:12:00,2026-08-11 17:34:00,22,11.42,31.14,42.27
T063,D05,V05,Parcel_Delivery,2026-08-12,2026-08-12 19:14:00,2026-08-12 19:38:00,24,12.48,31.19,46.33
T064,D05,V05,Food_Delivery,2026-08-13,2026-08-13 20:12:00,2026-08-13 20:28:00,16,7.91,29.65,47.63
T065,D05,V05,On_Demand_Rider,2026-08-14,2026-08-14 22:18:00,2026-08-14 22:39:00,21,11.18,31.93,46.6
T066,D05,V05,Food_Delivery,2026-08-15,2026-08-15 23:24:00,2026-08-15 23:38:00,14,6.37,27.29,39.38
T067,D05,V05,Food_Delivery,2026-08-17,2026-08-17 01:38:00,2026-08-17 02:11:00,33,18.4,33.46,45.77
T068,D05,V05,Food_Delivery,2026-08-11,2026-08-11 02:22:00,2026-08-11 02:43:00,21,9.56,27.32,41.38
T069,D05,V05,Parcel_Delivery,2026-08-12,2026-08-12 04:24:00,2026-08-12 04:42:00,18,8.55,28.5,39.29
T070,D05,V05,On_Demand_Rider,2026-08-13,2026-08-13 05:16:00,2026-08-13 05:48:00,32,16.62,31.17,43.42
T071,D05,V05,Food_Delivery,2026-08-13,2026-08-13 17:31:00,2026-08-13 18:08:00,37,18.78,30.46,44.19
T072,D05,V05,Food_Delivery,2026-08-14,2026-08-14 18:19:00,2026-08-14 18:37:00,18,8.79,29.3,42.44
T073,D05,V05,Food_Delivery,2026-08-15,2026-08-15 20:09:00,2026-08-15 20:24:00,15,6.95,27.78,38.89
T074,D05,V05,Food_Delivery,2026-08-16,2026-08-16 21:29:00,2026-08-16 21:50:00,21,10.44,29.83,38.1
T075,D05,V05,Quick_Commerce,2026-08-10,2026-08-10 23:06:00,2026-08-10 23:39:00,33,18.17,33.04,44.32
T076,D06,V06,Parcel_Delivery,2026-08-10,2026-08-10 16:38:00,2026-08-10 16:52:00,14,5.62,24.07,31.31
T077,D06,V06,Quick_Commerce,2026-08-11,2026-08-11 17:25:00,2026-08-11 17:48:00,23,11.59,30.23,46.75
T078,D06,V06,Quick_Commerce,2026-08-12,2026-08-12 19:12:00,2026-08-12 19:44:00,32,17.3,32.44,41.41
T079,D06,V06,Quick_Commerce,2026-08-13,2026-08-13 20:33:00,2026-08-13 21:01:00,28,14.27,30.58,41.91
T080,D06,V06,Food_Delivery,2026-08-14,2026-08-14 22:28:00,2026-08-14 22:44:00,16,7.86,29.46,41.29
T081,D06,V06,Food_Delivery,2026-08-15,2026-08-15 23:12:00,2026-08-15 23:37:00,25,13.24,31.78,49.93
T082,D06,V06,Food_Delivery,2026-08-17,2026-08-17 01:44:00,2026-08-17 01:58:00,14,6.19,26.54,39.12
T083,D06,V06,Food_Delivery,2026-08-11,2026-08-11 02:36:00,2026-08-11 03:08:00,32,15.3,28.69,35.67
T084,D06,V06,Parcel_Delivery,2026-08-12,2026-08-12 04:33:00,2026-08-12 05:08:00,35,20.03,34.34,43.87
T085,D06,V06,Food_Delivery,2026-08-13,2026-08-13 05:03:00,2026-08-13 05:24:00,21,11.2,31.99,42.59
T086,D06,V06,Food_Delivery,2026-08-13,2026-08-13 17:17:00,2026-08-13 17:50:00,33,19.05,34.63,47.43
T087,D06,V06,Food_Delivery,2026-08-14,2026-08-14 18:05:00,2026-08-14 18:29:00,24,12.22,30.56,41.27
T088,D06,V06,Parcel_Delivery,2026-08-15,2026-08-15 20:14:00,2026-08-15 20:49:00,35,18.96,32.5,45.73
T089,D06,V06,On_Demand_Rider,2026-08-16,2026-08-16 21:01:00,2026-08-16 21:15:00,14,6.02,25.79,37.53
T090,D06,V06,Quick_Commerce,2026-08-10,2026-08-10 23:17:00,2026-08-10 23:31:00,14,6.63,28.42,41.16
T091,D07,V07,Food_Delivery,2026-08-10,2026-08-10 16:05:00,2026-08-10 16:27:00,22,10.9,29.73,41.41
T092,D07,V07,Food_Delivery,2026-08-11,2026-08-11 17:27:00,2026-08-11 18:04:00,37,20.14,32.66,45.45
T093,D07,V07,Food_Delivery,2026-08-12,2026-08-12 19:00:00,2026-08-12 19:35:00,35,17.8,30.52,40.94
T094,D07,V07,Food_Delivery,2026-08-13,2026-08-13 20:30:00,2026-08-13 21:05:00,35,19.61,33.62,45.83
T095,D07,V07,Food_Delivery,2026-08-14,2026-08-14 22:21:00,2026-08-14 22:56:00,35,17.9,30.68,41.59
T096,D07,V07,Food_Delivery,2026-08-15,2026-08-15 23:23:00,2026-08-15 23:51:00,28,13.95,29.89,42.54
T097,D07,V07,Parcel_Delivery,2026-08-17,2026-08-17 01:26:00,2026-08-17 02:00:00,34,18.73,33.05,42.95
T098,D07,V07,Quick_Commerce,2026-08-11,2026-08-11 02:14:00,2026-08-11 02:32:00,18,8.24,27.46,43.01
T099,D07,V07,Quick_Commerce,2026-08-12,2026-08-12 04:28:00,2026-08-12 04:44:00,16,7.43,27.85,38.72
T100,D07,V07,Food_Delivery,2026-08-13,2026-08-13 05:33:00,2026-08-13 05:52:00,19,9.75,30.8,40.42
T101,D07,V07,Quick_Commerce,2026-08-13,2026-08-13 17:02:00,2026-08-13 17:33:00,31,17.22,33.32,46.36
T102,D07,V07,Quick_Commerce,2026-08-14,2026-08-14 18:32:00,2026-08-14 18:55:00,23,10.84,28.28,40.12
T103,D07,V07,Quick_Commerce,2026-08-15,2026-08-15 20:44:00,2026-08-15 21:03:00,19,8.95,28.25,40.44
T104,D07,V07,Quick_Commerce,2026-08-16,2026-08-16 21:11:00,2026-08-16 21:29:00,18,8.91,29.7,41.0
T105,D07,V07,Food_Delivery,2026-08-10,2026-08-10 23:18:00,2026-08-10 23:52:00,34,18.82,33.22,43.95
T106,D08,V08,Quick_Commerce,2026-08-11,2026-08-11 05:15:00,2026-08-11 05:40:00,25,17.92,43.01,61.43
T107,D08,V08,On_Demand_Rider,2026-08-12,2026-08-12 06:24:00,2026-08-12 06:53:00,29,20.74,42.92,62.96
T108,D08,V08,Parcel_Delivery,2026-08-13,2026-08-13 07:31:00,2026-08-13 07:54:00,23,17.88,46.64,61.73
T109,D08,V08,On_Demand_Rider,2026-08-13,2026-08-13 08:18:00,2026-08-13 08:48:00,30,20.97,41.94,56.07
T110,D08,V08,Quick_Commerce,2026-08-14,2026-08-14 09:04:00,2026-08-14 09:29:00,25,19.14,45.93,61.52
T111,D08,V08,Food_Delivery,2026-08-15,2026-08-15 10:36:00,2026-08-15 11:00:00,24,16.48,41.2,56.01
T112,D08,V08,Quick_Commerce,2026-08-17,2026-08-17 05:12:00,2026-08-17 05:43:00,31,26.37,51.04,66.59
T113,D08,V08,Parcel_Delivery,2026-08-11,2026-08-11 06:25:00,2026-08-11 06:56:00,31,23.57,45.62,59.22
T114,D08,V08,Quick_Commerce,2026-08-12,2026-08-12 07:04:00,2026-08-12 07:27:00,23,17.35,45.26,61.96
T115,D08,V08,Food_Delivery,2026-08-12,2026-08-12 08:36:00,2026-08-12 08:59:00,23,17.79,46.4,63.46
T116,D08,V08,Parcel_Delivery,2026-08-13,2026-08-13 09:24:00,2026-08-13 09:50:00,26,20.69,47.74,62.97
T117,D08,V08,Quick_Commerce,2026-08-14,2026-08-14 10:04:00,2026-08-14 10:19:00,15,8.09,32.36,48.96
T118,D08,V08,Food_Delivery,2026-08-16,2026-08-16 05:29:00,2026-08-16 05:59:00,30,22.93,45.86,70.56
T119,D08,V08,On_Demand_Rider,2026-08-17,2026-08-17 06:29:00,2026-08-17 06:48:00,19,14.11,44.56,64.04
T120,D08,V08,Quick_Commerce,2026-08-11,2026-08-11 07:04:00,2026-08-11 07:41:00,37,28.26,45.82,58.7
T121,D09,V09,Quick_Commerce,2026-08-10,2026-08-10 16:24:00,2026-08-10 16:49:00,25,12.38,29.71,37.26
T122,D09,V09,Food_Delivery,2026-08-11,2026-08-11 17:41:00,2026-08-11 18:18:00,37,19.22,31.17,43.98
T123,D09,V09,Food_Delivery,2026-08-12,2026-08-12 19:16:00,2026-08-12 19:49:00,33,17.93,32.6,45.68
T124,D09,V09,Food_Delivery,2026-08-13,2026-08-13 20:29:00,2026-08-13 21:01:00,32,17.35,32.54,41.45
T125,D09,V09,Food_Delivery,2026-08-14,2026-08-14 22:25:00,2026-08-14 22:56:00,31,17.85,34.54,47.97
T126,D09,V09,Food_Delivery,2026-08-15,2026-08-15 23:33:00,2026-08-16 00:07:00,34,17.93,31.65,43.21
T127,D09,V09,Food_Delivery,2026-08-17,2026-08-17 01:20:00,2026-08-17 01:55:00,35,18.87,32.35,41.03
T128,D09,V09,Food_Delivery,2026-08-11,2026-08-11 02:02:00,2026-08-11 02:26:00,24,12.02,30.06,39.4
T129,D09,V09,Food_Delivery,2026-08-12,2026-08-12 04:23:00,2026-08-12 04:58:00,35,18.41,31.56,41.82
T130,D09,V09,On_Demand_Rider,2026-08-13,2026-08-13 05:14:00,2026-08-13 05:47:00,33,17.26,31.38,42.34
T131,D09,V09,Food_Delivery,2026-08-13,2026-08-13 17:38:00,2026-08-13 18:09:00,31,17.1,33.1,45.79
T132,D09,V09,Food_Delivery,2026-08-14,2026-08-14 18:42:00,2026-08-14 18:56:00,14,6.32,27.07,34.86
T133,D09,V09,Food_Delivery,2026-08-15,2026-08-15 20:10:00,2026-08-15 20:41:00,31,16.13,31.21,44.39
T134,D09,V09,Food_Delivery,2026-08-16,2026-08-16 21:44:00,2026-08-16 22:10:00,26,14.1,32.55,43.81
T135,D09,V09,Food_Delivery,2026-08-10,2026-08-10 23:10:00,2026-08-10 23:40:00,30,16.5,33.0,44.04
T136,D10,V10,Food_Delivery,2026-08-11,2026-08-11 05:40:00,2026-08-11 06:12:00,32,14.87,27.89,44.95
T137,D10,V10,Food_Delivery,2026-08-12,2026-08-12 06:13:00,2026-08-12 06:41:00,28,14.56,31.21,43.18
T138,D10,V10,Quick_Commerce,2026-08-13,2026-08-13 07:06:00,2026-08-13 07:23:00,17,7.14,25.21,46.37
T139,D10,V10,Parcel_Delivery,2026-08-13,2026-08-13 08:22:00,2026-08-13 08:42:00,20,9.36,28.09,47.58
T140,D10,V10,Food_Delivery,2026-08-14,2026-08-14 09:08:00,2026-08-14 09:27:00,19,9.4,29.69,39.96
T141,D10,V10,Quick_Commerce,2026-08-15,2026-08-15 10:01:00,2026-08-15 10:29:00,28,14.36,30.77,41.03
T142,D10,V10,Food_Delivery,2026-08-17,2026-08-17 05:19:00,2026-08-17 05:34:00,15,7.0,27.98,40.58
T143,D10,V10,Quick_Commerce,2026-08-11,2026-08-11 06:18:00,2026-08-11 06:54:00,36,17.54,29.23,43.81
T144,D10,V10,Quick_Commerce,2026-08-12,2026-08-12 07:33:00,2026-08-12 08:10:00,37,20.31,32.94,45.0
T145,D10,V10,Food_Delivery,2026-08-12,2026-08-12 08:35:00,2026-08-12 09:04:00,29,15.43,31.92,47.61
T146,D10,V10,On_Demand_Rider,2026-08-13,2026-08-13 09:08:00,2026-08-13 09:28:00,20,9.95,29.86,41.92
T147,D10,V10,Parcel_Delivery,2026-08-14,2026-08-14 10:25:00,2026-08-14 10:54:00,29,17.45,36.11,54.05
T148,D10,V10,On_Demand_Rider,2026-08-16,2026-08-16 05:13:00,2026-08-16 05:47:00,34,14.81,26.14,36.88
T149,D10,V10,Food_Delivery,2026-08-17,2026-08-17 06:38:00,2026-08-17 07:06:00,28,12.86,27.55,38.16
T150,D10,V10,Food_Delivery,2026-08-11,2026-08-11 07:35:00,2026-08-11 07:56:00,21,10.63,30.38,43.63
T151,D11,V11,Food_Delivery,2026-08-10,2026-08-10 16:34:00,2026-08-10 16:54:00,20,8.97,26.9,39.95
T152,D11,V11,Quick_Commerce,2026-08-11,2026-08-11 17:34:00,2026-08-11 18:06:00,32,16.59,31.1,45.79
T153,D11,V11,On_Demand_Rider,2026-08-12,2026-08-12 19:36:00,2026-08-12 19:52:00,16,7.59,28.45,41.89
T154,D11,V11,Food_Delivery,2026-08-13,2026-08-13 20:05:00,2026-08-13 20:26:00,21,10.27,29.33,39.71
T155,D11,V11,Food_Delivery,2026-08-14,2026-08-14 22:39:00,2026-08-14 23:13:00,34,18.56,32.75,45.27
T156,D11,V11,Quick_Commerce,2026-08-15,2026-08-15 23:07:00,2026-08-15 23:27:00,20,9.36,28.08,40.32
T157,D11,V11,Food_Delivery,2026-08-17,2026-08-17 01:06:00,2026-08-17 01:20:00,14,6.13,26.27,41.78
T158,D11,V11,Food_Delivery,2026-08-11,2026-08-11 02:40:00,2026-08-11 03:13:00,33,17.8,32.37,44.76
T159,D11,V11,On_Demand_Rider,2026-08-12,2026-08-12 04:16:00,2026-08-12 04:43:00,27,14.6,32.44,45.7
T160,D11,V11,Quick_Commerce,2026-08-13,2026-08-13 05:33:00,2026-08-13 06:05:00,32,16.82,31.53,42.26
T161,D11,V11,Food_Delivery,2026-08-13,2026-08-13 17:37:00,2026-08-13 18:11:00,34,16.85,29.73,39.14
T162,D11,V11,Food_Delivery,2026-08-14,2026-08-14 18:07:00,2026-08-14 18:43:00,36,21.04,35.06,47.94
T163,D11,V11,Quick_Commerce,2026-08-15,2026-08-15 20:07:00,2026-08-15 20:26:00,19,9.71,30.66,42.07
T164,D11,V11,Quick_Commerce,2026-08-16,2026-08-16 21:34:00,2026-08-16 22:01:00,27,14.32,31.82,44.22
T165,D11,V11,Quick_Commerce,2026-08-10,2026-08-10 23:02:00,2026-08-10 23:27:00,25,12.35,29.64,43.49
T166,D12,V12,On_Demand_Rider,2026-08-10,2026-08-10 16:43:00,2026-08-10 17:18:00,35,19.66,33.71,43.81
T167,D12,V12,On_Demand_Rider,2026-08-11,2026-08-11 17:08:00,2026-08-11 17:44:00,36,19.24,32.07,43.79
T168,D12,V12,Quick_Commerce,2026-08-12,2026-08-12 19:33:00,2026-08-12 19:47:00,14,6.32,27.07,39.67
T169,D12,V12,Quick_Commerce,2026-08-13,2026-08-13 20:34:00,2026-08-13 20:57:00,23,11.48,29.94,40.92
T170,D12,V12,Parcel_Delivery,2026-08-14,2026-08-14 22:26:00,2026-08-14 23:03:00,37,18.71,30.34,42.26
T171,D12,V12,Food_Delivery,2026-08-15,2026-08-15 23:32:00,2026-08-15 23:50:00,18,8.94,29.79,39.57
T172,D12,V12,On_Demand_Rider,2026-08-17,2026-08-17 01:38:00,2026-08-17 02:13:00,35,19.45,33.34,43.89
T173,D12,V12,Food_Delivery,2026-08-11,2026-08-11 02:01:00,2026-08-11 02:18:00,17,8.28,29.21,42.2
T174,D12,V12,On_Demand_Rider,2026-08-12,2026-08-12 04:04:00,2026-08-12 04:37:00,33,18.53,33.69,43.23
T175,D12,V12,On_Demand_Rider,2026-08-13,2026-08-13 05:15:00,2026-08-13 05:31:00,16,7.39,27.7,41.64
T176,D12,V12,Food_Delivery,2026-08-13,2026-08-13 17:03:00,2026-08-13 17:19:00,16,8.28,31.06,46.08
T177,D12,V12,Quick_Commerce,2026-08-14,2026-08-14 18:32:00,2026-08-14 19:09:00,37,19.54,31.68,43.45
T178,D12,V12,Food_Delivery,2026-08-15,2026-08-15 20:30:00,2026-08-15 20:53:00,23,11.17,29.14,41.11
T179,D12,V12,Food_Delivery,2026-08-16,2026-08-16 21:39:00,2026-08-16 22:03:00,24,12.69,31.73,44.13
T180,D12,V12,Quick_Commerce,2026-08-10,2026-08-10 23:17:00,2026-08-10 23:54:00,37,19.78,32.07,42.54
T181,D13,V13,Quick_Commerce,2026-08-11,2026-08-11 05:30:00,2026-08-11 06:03:00,33,18.23,33.14,44.84
T182,D13,V13,Food_Delivery,2026-08-12,2026-08-12 06:04:00,2026-08-12 06:40:00,36,18.08,30.13,44.86
T183,D13,V13,Parcel_Delivery,2026-08-13,2026-08-13 07:06:00,2026-08-13 07:37:00,31,17.03,32.97,44.73
T184,D13,V13,Food_Delivery,2026-08-13,2026-08-13 08:06:00,2026-08-13 08:25:00,19,8.57,27.05,39.56
T185,D13,V13,Food_Delivery,2026-08-14,2026-08-14 09:19:00,2026-08-14 09:37:00,18,8.26,27.53,38.76
T186,D13,V13,Quick_Commerce,2026-08-15,2026-08-15 10:05:00,2026-08-15 10:22:00,17,7.77,27.42,40.61
T187,D13,V13,Parcel_Delivery,2026-08-17,2026-08-17 05:39:00,2026-08-17 06:09:00,30,14.3,28.6,39.67
T188,D13,V13,On_Demand_Rider,2026-08-11,2026-08-11 06:34:00,2026-08-11 06:51:00,17,8.71,30.75,42.78
T189,D13,V13,Food_Delivery,2026-08-12,2026-08-12 07:23:00,2026-08-12 07:45:00,22,10.15,27.69,39.76
T190,D13,V13,Quick_Commerce,2026-08-12,2026-08-12 08:39:00,2026-08-12 08:59:00,20,9.58,28.73,41.3
T191,D13,V13,Parcel_Delivery,2026-08-13,2026-08-13 09:21:00,2026-08-13 09:57:00,36,19.7,32.84,45.91
T192,D13,V13,On_Demand_Rider,2026-08-14,2026-08-14 10:27:00,2026-08-14 10:45:00,18,7.43,24.78,37.24
T193,D13,V13,On_Demand_Rider,2026-08-16,2026-08-16 05:44:00,2026-08-16 06:00:00,16,7.04,26.4,36.72
T194,D13,V13,Food_Delivery,2026-08-17,2026-08-17 06:16:00,2026-08-17 06:36:00,20,9.08,27.24,36.25
T195,D13,V13,On_Demand_Rider,2026-08-11,2026-08-11 07:01:00,2026-08-11 07:38:00,37,18.4,29.83,42.05
T196,D14,V14,Food_Delivery,2026-08-10,2026-08-10 16:03:00,2026-08-10 16:19:00,16,7.33,27.47,37.09
T197,D14,V14,Parcel_Delivery,2026-08-11,2026-08-11 17:14:00,2026-08-11 17:51:00,37,18.22,29.54,41.64
T198,D14,V14,On_Demand_Rider,2026-08-12,2026-08-12 19:35:00,2026-08-12 19:59:00,24,12.15,30.37,41.56
T199,D14,V14,On_Demand_Rider,2026-08-13,2026-08-13 20:28:00,2026-08-13 21:03:00,35,16.53,28.34,38.09
T200,D14,V14,Food_Delivery,2026-08-14,2026-08-14 22:28:00,2026-08-14 23:04:00,36,18.32,30.53,40.75
T201,D14,V14,Food_Delivery,2026-08-15,2026-08-15 23:32:00,2026-08-15 23:53:00,21,9.48,27.08,39.06
T202,D14,V14,Food_Delivery,2026-08-17,2026-08-17 01:17:00,2026-08-17 01:40:00,23,10.79,28.16,36.59
T203,D14,V14,On_Demand_Rider,2026-08-11,2026-08-11 02:07:00,2026-08-11 02:43:00,36,18.64,31.06,46.13
T204,D14,V14,Food_Delivery,2026-08-12,2026-08-12 04:11:00,2026-08-12 04:26:00,15,6.83,27.32,41.04
T205,D14,V14,On_Demand_Rider,2026-08-13,2026-08-13 05:00:00,2026-08-13 05:16:00,16,8.21,30.78,45.45
T206,D14,V14,Food_Delivery,2026-08-13,2026-08-13 17:08:00,2026-08-13 17:40:00,32,16.01,30.02,41.24
T207,D14,V14,Parcel_Delivery,2026-08-14,2026-08-14 18:08:00,2026-08-14 18:24:00,16,7.54,28.28,43.44
T208,D14,V14,Quick_Commerce,2026-08-15,2026-08-15 20:29:00,2026-08-15 21:05:00,36,17.81,29.69,38.47
T209,D14,V14,Parcel_Delivery,2026-08-16,2026-08-16 21:18:00,2026-08-16 21:36:00,18,9.76,32.54,45.34
T210,D14,V14,On_Demand_Rider,2026-08-10,2026-08-10 23:31:00,2026-08-10 23:50:00,19,9.78,30.88,40.79
T211,D15,V15,Parcel_Delivery,2026-08-10,2026-08-10 16:36:00,2026-08-10 17:00:00,24,17.83,44.57,59.84
T212,D15,V15,Quick_Commerce,2026-08-11,2026-08-11 17:07:00,2026-08-11 17:30:00,23,16.17,42.19,58.6
T213,D15,V15,Food_Delivery,2026-08-12,2026-08-12 19:04:00,2026-08-12 19:33:00,29,19.77,40.9,56.98
T214,D15,V15,Quick_Commerce,2026-08-13,2026-08-13 20:29:00,2026-08-13 21:06:00,37,26.02,42.2,56.8
T215,D15,V15,On_Demand_Rider,2026-08-14,2026-08-14 22:03:00,2026-08-14 22:22:00,19,12.89,40.72,61.57
T216,D15,V15,Quick_Commerce,2026-08-15,2026-08-15 23:06:00,2026-08-15 23:37:00,31,23.77,46.01,62.92
T217,D15,V15,Food_Delivery,2026-08-17,2026-08-17 01:09:00,2026-08-17 01:34:00,25,19.04,45.69,62.04
T218,D15,V15,Food_Delivery,2026-08-11,2026-08-11 02:39:00,2026-08-11 02:57:00,18,12.88,42.94,64.39
T219,D15,V15,On_Demand_Rider,2026-08-12,2026-08-12 04:39:00,2026-08-12 05:07:00,28,22.61,48.45,62.4
T220,D15,V15,Quick_Commerce,2026-08-13,2026-08-13 05:21:00,2026-08-13 05:43:00,22,15.15,41.31,59.65
T221,D15,V15,Parcel_Delivery,2026-08-13,2026-08-13 17:21:00,2026-08-13 17:57:00,36,29.19,48.65,63.75
T222,D15,V15,Parcel_Delivery,2026-08-14,2026-08-14 18:25:00,2026-08-14 18:57:00,32,23.78,44.58,63.93
T223,D15,V15,Food_Delivery,2026-08-15,2026-08-15 20:06:00,2026-08-15 20:27:00,21,14.86,42.45,59.53
T224,D15,V15,On_Demand_Rider,2026-08-16,2026-08-16 21:02:00,2026-08-16 21:28:00,26,17.39,40.14,59.56
T225,D15,V15,On_Demand_Rider,2026-08-10,2026-08-10 23:22:00,2026-08-10 23:38:00,16,10.62,39.83,57.63
T226,D16,V16,Quick_Commerce,2026-08-10,2026-08-10 16:05:00,2026-08-10 16:36:00,31,15.41,29.83,40.35
T227,D16,V16,Parcel_Delivery,2026-08-11,2026-08-11 17:38:00,2026-08-11 18:02:00,24,10.96,27.39,36.89
T228,D16,V16,Food_Delivery,2026-08-12,2026-08-12 19:16:00,2026-08-12 19:37:00,21,11.68,33.38,47.32
T229,D16,V16,On_Demand_Rider,2026-08-13,2026-08-13 20:23:00,2026-08-13 20:45:00,22,12.1,33.0,45.22
T230,D16,V16,Quick_Commerce,2026-08-14,2026-08-14 22:35:00,2026-08-14 23:00:00,25,12.55,30.13,42.86
T231,D16,V16,Food_Delivery,2026-08-15,2026-08-15 23:09:00,2026-08-15 23:26:00,17,7.55,26.65,36.67
T232,D16,V16,Food_Delivery,2026-08-17,2026-08-17 01:13:00,2026-08-17 01:47:00,34,17.07,30.12,41.58
T233,D16,V16,Food_Delivery,2026-08-11,2026-08-11 02:13:00,2026-08-11 02:50:00,37,19.89,32.25,48.65
T234,D16,V16,Quick_Commerce,2026-08-12,2026-08-12 04:18:00,2026-08-12 04:41:00,23,12.08,31.51,40.25
T235,D16,V16,Food_Delivery,2026-08-13,2026-08-13 05:34:00,2026-08-13 05:48:00,14,6.59,28.26,40.12
T236,D16,V16,Food_Delivery,2026-08-13,2026-08-13 17:01:00,2026-08-13 17:22:00,21,11.26,32.17,40.31
T237,D16,V16,Food_Delivery,2026-08-14,2026-08-14 18:17:00,2026-08-14 18:38:00,21,11.05,31.57,44.24
T238,D16,V16,Food_Delivery,2026-08-15,2026-08-15 20:19:00,2026-08-15 20:54:00,35,18.72,32.09,43.29
T239,D16,V16,Food_Delivery,2026-08-16,2026-08-16 21:18:00,2026-08-16 21:46:00,28,14.8,31.71,45.8
T240,D16,V16,Quick_Commerce,2026-08-10,2026-08-10 23:17:00,2026-08-10 23:31:00,14,6.92,29.66,39.04
T241,D17,V17,Food_Delivery,2026-08-10,2026-08-10 16:35:00,2026-08-10 17:08:00,33,16.86,30.65,39.42
T242,D17,V17,Parcel_Delivery,2026-08-11,2026-08-11 17:20:00,2026-08-11 17:57:00,37,20.14,32.66,44.52
T243,D17,V17,Food_Delivery,2026-08-12,2026-08-12 19:40:00,2026-08-12 20:09:00,29,14.13,29.24,39.05
T244,D17,V17,Parcel_Delivery,2026-08-13,2026-08-13 20:25:00,2026-08-13 20:57:00,32,17.84,33.45,43.1
T245,D17,V17,Quick_Commerce,2026-08-14,2026-08-14 22:21:00,2026-08-14 22:47:00,26,14.03,32.38,44.33
T246,D17,V17,On_Demand_Rider,2026-08-15,2026-08-15 23:18:00,2026-08-15 23:40:00,22,11.62,31.68,44.14
T247,D17,V17,Parcel_Delivery,2026-08-17,2026-08-17 01:32:00,2026-08-17 01:55:00,23,11.44,29.85,43.12
T248,D17,V17,Quick_Commerce,2026-08-11,2026-08-11 02:13:00,2026-08-11 02:27:00,14,6.38,27.35,42.1
T249,D17,V17,Parcel_Delivery,2026-08-12,2026-08-12 04:27:00,2026-08-12 04:46:00,19,9.35,29.54,41.69
T250,D17,V17,Food_Delivery,2026-08-13,2026-08-13 05:39:00,2026-08-13 06:05:00,26,14.15,32.65,43.61
T251,D17,V17,Parcel_Delivery,2026-08-13,2026-08-13 17:07:00,2026-08-13 17:30:00,23,11.57,30.17,44.62
T252,D17,V17,Quick_Commerce,2026-08-14,2026-08-14 18:41:00,2026-08-14 19:03:00,22,10.74,29.28,41.27
T253,D17,V17,Food_Delivery,2026-08-15,2026-08-15 20:29:00,2026-08-15 20:47:00,18,8.09,26.97,38.08
T254,D17,V17,Food_Delivery,2026-08-16,2026-08-16 21:42:00,2026-08-16 22:19:00,37,19.94,32.34,43.42
T255,D17,V17,Food_Delivery,2026-08-10,2026-08-10 23:28:00,2026-08-10 23:57:00,29,14.5,30.0,37.07
T256,D18,V18,Food_Delivery,2026-08-11,2026-08-11 05:38:00,2026-08-11 05:52:00,14,6.46,27.7,40.21
T257,D18,V18,Quick_Commerce,2026-08-12,2026-08-12 06:42:00,2026-08-12 07:02:00,20,10.05,30.15,41.12
T258,D18,V18,Food_Delivery,2026-08-13,2026-08-13 07:28:00,2026-08-13 08:04:00,36,20.94,34.9,45.18
T259,D18,V18,Food_Delivery,2026-08-13,2026-08-13 08:05:00,2026-08-13 08:41:00,36,19.56,32.6,40.82
T260,D18,V18,Quick_Commerce,2026-08-14,2026-08-14 09:35:00,2026-08-14 10:03:00,28,14.8,31.72,42.18
T261,D18,V18,Quick_Commerce,2026-08-15,2026-08-15 10:29:00,2026-08-15 11:06:00,37,19.83,32.16,41.01
T262,D18,V18,Food_Delivery,2026-08-17,2026-08-17 05:13:00,2026-08-17 05:43:00,30,14.43,28.85,38.61
T263,D18,V18,On_Demand_Rider,2026-08-11,2026-08-11 06:44:00,2026-08-11 07:16:00,32,15.67,29.38,38.15
T264,D18,V18,Quick_Commerce,2026-08-12,2026-08-12 07:35:00,2026-08-12 08:06:00,31,15.99,30.95,41.79
T265,D18,V18,Parcel_Delivery,2026-08-12,2026-08-12 08:23:00,2026-08-12 08:47:00,24,13.43,33.58,43.91
T266,D18,V18,Food_Delivery,2026-08-13,2026-08-13 09:13:00,2026-08-13 09:50:00,37,20.17,32.7,45.3
T267,D18,V18,Parcel_Delivery,2026-08-14,2026-08-14 10:44:00,2026-08-14 11:17:00,33,17.43,31.69,45.36
T268,D18,V18,Quick_Commerce,2026-08-16,2026-08-16 05:08:00,2026-08-16 05:30:00,22,10.68,29.14,39.43
T269,D18,V18,Quick_Commerce,2026-08-17,2026-08-17 06:37:00,2026-08-17 07:04:00,27,15.6,34.67,46.88
T270,D18,V18,Quick_Commerce,2026-08-11,2026-08-11 07:09:00,2026-08-11 07:43:00,34,18.8,33.18,40.83
T271,D19,V19,Food_Delivery,2026-08-10,2026-08-10 16:38:00,2026-08-10 17:00:00,22,10.67,29.11,41.57
T272,D19,V19,Food_Delivery,2026-08-11,2026-08-11 17:19:00,2026-08-11 17:35:00,16,8.23,30.88,48.61
T273,D19,V19,Food_Delivery,2026-08-12,2026-08-12 19:39:00,2026-08-12 20:12:00,33,17.67,32.12,49.16
T274,D19,V19,Quick_Commerce,2026-08-13,2026-08-13 20:15:00,2026-08-13 20:37:00,22,8.41,22.93,37.31
T275,D19,V19,Quick_Commerce,2026-08-14,2026-08-14 22:06:00,2026-08-14 22:41:00,35,16.88,28.94,43.84
T276,D19,V19,Food_Delivery,2026-08-15,2026-08-15 23:27:00,2026-08-15 23:42:00,15,6.72,26.9,34.21
T277,D19,V19,On_Demand_Rider,2026-08-17,2026-08-17 01:11:00,2026-08-17 01:48:00,37,21.19,34.37,49.4
T278,D19,V19,Quick_Commerce,2026-08-11,2026-08-11 02:36:00,2026-08-11 02:55:00,19,9.28,29.29,45.08
T279,D19,V19,Quick_Commerce,2026-08-12,2026-08-12 04:44:00,2026-08-12 05:06:00,22,10.14,27.65,42.34
T280,D19,V19,Parcel_Delivery,2026-08-13,2026-08-13 05:07:00,2026-08-13 05:37:00,30,13.66,27.32,40.89
T281,D19,V19,Food_Delivery,2026-08-13,2026-08-13 17:38:00,2026-08-13 18:08:00,30,16.3,32.59,44.71
T282,D19,V19,Parcel_Delivery,2026-08-14,2026-08-14 18:21:00,2026-08-14 18:50:00,29,14.8,30.63,45.49
T283,D19,V19,Parcel_Delivery,2026-08-15,2026-08-15 20:35:00,2026-08-15 21:08:00,33,16.4,29.82,44.58
T284,D19,V19,Food_Delivery,2026-08-16,2026-08-16 21:20:00,2026-08-16 21:39:00,19,7.54,23.81,35.33
T285,D19,V19,Food_Delivery,2026-08-10,2026-08-10 23:12:00,2026-08-10 23:44:00,32,14.53,27.25,45.36
T286,D20,V20,Quick_Commerce,2026-08-10,2026-08-10 16:17:00,2026-08-10 16:38:00,21,10.24,29.27,38.56
T287,D20,V20,Food_Delivery,2026-08-11,2026-08-11 17:19:00,2026-08-11 17:49:00,30,15.96,31.92,47.84
T288,D20,V20,Quick_Commerce,2026-08-12,2026-08-12 19:35:00,2026-08-12 19:59:00,24,12.92,32.31,45.29
T289,D20,V20,Food_Delivery,2026-08-13,2026-08-13 20:04:00,2026-08-13 20:37:00,33,17.06,31.01,40.16
T290,D20,V20,Parcel_Delivery,2026-08-14,2026-08-14 22:28:00,2026-08-14 22:58:00,30,15.53,31.05,43.75
T291,D20,V20,On_Demand_Rider,2026-08-15,2026-08-15 23:30:00,2026-08-15 23:48:00,18,8.94,29.79,41.24
T292,D20,V20,On_Demand_Rider,2026-08-17,2026-08-17 01:00:00,2026-08-17 01:20:00,20,8.79,26.36,36.97
T293,D20,V20,Quick_Commerce,2026-08-11,2026-08-11 02:24:00,2026-08-11 02:45:00,21,11.08,31.67,46.11
T294,D20,V20,Food_Delivery,2026-08-12,2026-08-12 04:20:00,2026-08-12 04:41:00,21,11.57,33.06,45.94
T295,D20,V20,Parcel_Delivery,2026-08-13,2026-08-13 05:23:00,2026-08-13 05:54:00,31,17.17,33.24,41.15
T296,D20,V20,Quick_Commerce,2026-08-13,2026-08-13 17:24:00,2026-08-13 17:50:00,26,14.73,33.99,44.15
T297,D20,V20,On_Demand_Rider,2026-08-14,2026-08-14 18:44:00,2026-08-14 19:12:00,28,14.14,30.3,40.84
T298,D20,V20,Food_Delivery,2026-08-15,2026-08-15 20:05:00,2026-08-15 20:41:00,36,20.17,33.61,44.76
T299,D20,V20,Quick_Commerce,2026-08-16,2026-08-16 21:30:00,2026-08-16 21:55:00,25,13.25,31.8,45.06
T300,D20,V20,Food_Delivery,2026-08-10,2026-08-10 23:38:00,2026-08-11 00:01:00,23,11.62,30.3,40.39
T301,D21,V21,Quick_Commerce,2026-08-10,2026-08-10 16:40:00,2026-08-10 17:03:00,23,12.43,32.43,41.45
T302,D21,V21,Parcel_Delivery,2026-08-11,2026-08-11 17:26:00,2026-08-11 18:01:00,35,19.27,33.03,45.4
T303,D21,V21,Quick_Commerce,2026-08-12,2026-08-12 19:36:00,2026-08-12 20:11:00,35,19.32,33.12,46.79
T304,D21,V21,Quick_Commerce,2026-08-13,2026-08-13 20:27:00,2026-08-13 21:03:00,36,20.2,33.67,46.83
T305,D21,V21,Quick_Commerce,2026-08-14,2026-08-14 22:32:00,2026-08-14 23:00:00,28,13.5,28.92,38.62
T306,D21,V21,Parcel_Delivery,2026-08-15,2026-08-15 23:07:00,2026-08-15 23:44:00,37,20.44,33.15,42.46
T307,D21,V21,Quick_Commerce,2026-08-17,2026-08-17 01:22:00,2026-08-17 01:48:00,26,12.48,28.79,41.95
T308,D21,V21,Parcel_Delivery,2026-08-11,2026-08-11 02:36:00,2026-08-11 03:06:00,30,14.56,29.12,43.68
T309,D21,V21,Parcel_Delivery,2026-08-12,2026-08-12 04:19:00,2026-08-12 04:48:00,29,16.11,33.33,46.17
T310,D21,V21,Parcel_Delivery,2026-08-13,2026-08-13 05:07:00,2026-08-13 05:44:00,37,19.85,32.19,44.14
T311,D21,V21,Food_Delivery,2026-08-13,2026-08-13 17:16:00,2026-08-13 17:33:00,17,7.73,27.28,41.25
T312,D21,V21,Food_Delivery,2026-08-14,2026-08-14 18:43:00,2026-08-14 19:16:00,33,17.74,32.26,42.4
T313,D21,V21,Food_Delivery,2026-08-15,2026-08-15 20:31:00,2026-08-15 20:55:00,24,12.24,30.61,41.19
T314,D21,V21,Food_Delivery,2026-08-16,2026-08-16 21:30:00,2026-08-16 21:48:00,18,9.16,30.54,41.53
T315,D21,V21,Quick_Commerce,2026-08-10,2026-08-10 23:17:00,2026-08-10 23:33:00,16,7.76,29.11,43.93
T316,D22,V22,Food_Delivery,2026-08-10,2026-08-10 16:18:00,2026-08-10 16:33:00,15,9.56,38.23,59.38
T317,D22,V22,Food_Delivery,2026-08-11,2026-08-11 17:35:00,2026-08-11 18:03:00,28,21.35,45.74,61.27
T318,D22,V22,On_Demand_Rider,2026-08-12,2026-08-12 19:11:00,2026-08-12 19:38:00,27,20.75,46.1,60.68
T319,D22,V22,Parcel_Delivery,2026-08-13,2026-08-13 20:21:00,2026-08-13 20:46:00,25,17.91,42.99,61.2
T320,D22,V22,Food_Delivery,2026-08-14,2026-08-14 22:43:00,2026-08-14 23:14:00,31,20.06,38.82,51.8
T321,D22,V22,Food_Delivery,2026-08-15,2026-08-15 23:38:00,2026-08-15 23:53:00,15,9.04,36.16,58.6
T322,D22,V22,Quick_Commerce,2026-08-17,2026-08-17 01:00:00,2026-08-17 01:26:00,26,19.9,45.93,58.97
T323,D22,V22,Food_Delivery,2026-08-11,2026-08-11 02:11:00,2026-08-11 02:44:00,33,23.38,42.51,56.2
T324,D22,V22,Quick_Commerce,2026-08-12,2026-08-12 04:18:00,2026-08-12 04:36:00,18,12.15,40.5,55.19
T325,D22,V22,Food_Delivery,2026-08-13,2026-08-13 05:37:00,2026-08-13 06:08:00,31,21.52,41.66,57.14
T326,D22,V22,Parcel_Delivery,2026-08-13,2026-08-13 17:29:00,2026-08-13 17:54:00,25,18.06,43.34,58.09
T327,D22,V22,Food_Delivery,2026-08-14,2026-08-14 18:34:00,2026-08-14 18:56:00,22,16.6,45.27,63.75
T328,D22,V22,Quick_Commerce,2026-08-15,2026-08-15 20:07:00,2026-08-15 20:39:00,32,25.12,47.1,64.77
T329,D22,V22,Parcel_Delivery,2026-08-16,2026-08-16 21:12:00,2026-08-16 21:46:00,34,24.02,42.39,58.22
T330,D22,V22,On_Demand_Rider,2026-08-10,2026-08-10 23:34:00,2026-08-11 00:07:00,33,26.36,47.92,58.28
T331,D23,V23,Food_Delivery,2026-08-10,2026-08-10 16:42:00,2026-08-10 17:00:00,18,8.57,28.58,40.14
T332,D23,V23,Food_Delivery,2026-08-11,2026-08-11 17:29:00,2026-08-11 17:58:00,29,15.23,31.52,44.11
T333,D23,V23,Food_Delivery,2026-08-12,2026-08-12 19:33:00,2026-08-12 20:05:00,32,16.43,30.81,44.91
T334,D23,V23,Food_Delivery,2026-08-13,2026-08-13 20:32:00,2026-08-13 20:46:00,14,5.86,25.13,36.1
T335,D23,V23,Food_Delivery,2026-08-14,2026-08-14 22:21:00,2026-08-14 22:54:00,33,18.94,34.43,44.95
T336,D23,V23,Food_Delivery,2026-08-15,2026-08-15 23:24:00,2026-08-16 00:00:00,36,19.46,32.44,45.85
T337,D23,V23,Quick_Commerce,2026-08-17,2026-08-17 01:18:00,2026-08-17 01:40:00,22,10.99,29.96,45.32
T338,D23,V23,Food_Delivery,2026-08-11,2026-08-11 02:19:00,2026-08-11 02:46:00,27,13.86,30.8,45.04
T339,D23,V23,Quick_Commerce,2026-08-12,2026-08-12 04:28:00,2026-08-12 04:47:00,19,9.66,30.52,41.41
T340,D23,V23,Parcel_Delivery,2026-08-13,2026-08-13 05:30:00,2026-08-13 06:06:00,36,20.06,33.43,44.16
T341,D23,V23,Food_Delivery,2026-08-13,2026-08-13 17:30:00,2026-08-13 17:45:00,15,6.31,25.25,38.43
T342,D23,V23,Quick_Commerce,2026-08-14,2026-08-14 18:43:00,2026-08-14 19:04:00,21,11.05,31.57,43.66
T343,D23,V23,Quick_Commerce,2026-08-15,2026-08-15 20:02:00,2026-08-15 20:17:00,15,7.13,28.52,48.48
T344,D23,V23,Food_Delivery,2026-08-16,2026-08-16 21:18:00,2026-08-16 21:38:00,20,10.4,31.2,42.1
T345,D23,V23,Quick_Commerce,2026-08-10,2026-08-10 23:01:00,2026-08-10 23:38:00,37,17.04,27.64,37.83
T346,D24,V24,Food_Delivery,2026-08-10,2026-08-10 16:34:00,2026-08-10 17:11:00,37,20.65,33.48,45.33
T347,D24,V24,Quick_Commerce,2026-08-11,2026-08-11 17:39:00,2026-08-11 18:09:00,30,14.82,29.65,41.51
T348,D24,V24,Food_Delivery,2026-08-12,2026-08-12 19:11:00,2026-08-12 19:35:00,24,12.44,31.1,44.05
T349,D24,V24,Parcel_Delivery,2026-08-13,2026-08-13 20:05:00,2026-08-13 20:25:00,20,10.05,30.15,40.67
T350,D24,V24,Parcel_Delivery,2026-08-14,2026-08-14 22:28:00,2026-08-14 22:46:00,18,9.85,32.84,46.43
T351,D24,V24,Quick_Commerce,2026-08-15,2026-08-15 23:22:00,2026-08-15 23:52:00,30,16.17,32.34,41.7
T352,D24,V24,Quick_Commerce,2026-08-17,2026-08-17 01:23:00,2026-08-17 01:40:00,17,7.31,25.8,41.12
T353,D24,V24,Food_Delivery,2026-08-11,2026-08-11 02:04:00,2026-08-11 02:23:00,19,9.28,29.31,40.28
T354,D24,V24,Quick_Commerce,2026-08-12,2026-08-12 04:33:00,2026-08-12 04:50:00,17,8.38,29.59,44.51
T355,D24,V24,Quick_Commerce,2026-08-13,2026-08-13 05:07:00,2026-08-13 05:40:00,33,16.49,29.98,44.71
T356,D24,V24,Food_Delivery,2026-08-13,2026-08-13 17:13:00,2026-08-13 17:39:00,26,12.14,28.01,40.71
T357,D24,V24,Food_Delivery,2026-08-14,2026-08-14 18:18:00,2026-08-14 18:38:00,20,9.86,29.57,41.73
T358,D24,V24,On_Demand_Rider,2026-08-15,2026-08-15 20:32:00,2026-08-15 20:51:00,19,10.12,31.95,41.96
T359,D24,V24,Quick_Commerce,2026-08-16,2026-08-16 21:40:00,2026-08-16 22:11:00,31,15.75,30.48,43.0
T360,D24,V24,Parcel_Delivery,2026-08-10,2026-08-10 23:42:00,2026-08-11 00:15:00,33,17.11,31.1,44.95
T361,D25,V25,Food_Delivery,2026-08-10,2026-08-10 16:18:00,2026-08-10 16:34:00,16,6.59,24.73,33.76
T362,D25,V25,Quick_Commerce,2026-08-11,2026-08-11 17:38:00,2026-08-11 18:06:00,28,13.02,27.91,41.14
T363,D25,V25,Food_Delivery,2026-08-12,2026-08-12 19:16:00,2026-08-12 19:47:00,31,16.23,31.41,44.23
T364,D25,V25,Parcel_Delivery,2026-08-13,2026-08-13 20:43:00,2026-08-13 20:57:00,14,6.15,26.34,37.69
T365,D25,V25,Quick_Commerce,2026-08-14,2026-08-14 22:14:00,2026-08-14 22:45:00,31,16.88,32.67,46.01
T366,D25,V25,Quick_Commerce,2026-08-15,2026-08-15 23:29:00,2026-08-16 00:05:00,36,19.5,32.5,42.92
T367,D25,V25,Quick_Commerce,2026-08-17,2026-08-17 01:23:00,2026-08-17 01:59:00,36,19.42,32.36,41.37
T368,D25,V25,Food_Delivery,2026-08-11,2026-08-11 02:03:00,2026-08-11 02:20:00,17,7.55,26.65,43.03
T369,D25,V25,Parcel_Delivery,2026-08-12,2026-08-12 04:33:00,2026-08-12 05:06:00,33,16.91,30.74,40.65
T370,D25,V25,Quick_Commerce,2026-08-13,2026-08-13 05:24:00,2026-08-13 05:53:00,29,14.34,29.66,40.59
T371,D25,V25,Food_Delivery,2026-08-13,2026-08-13 17:27:00,2026-08-13 18:04:00,37,19.73,32.0,43.09
T372,D25,V25,Parcel_Delivery,2026-08-14,2026-08-14 18:30:00,2026-08-14 18:45:00,15,7.62,30.46,47.17
T373,D25,V25,Food_Delivery,2026-08-15,2026-08-15 20:41:00,2026-08-15 21:12:00,31,15.18,29.38,40.98
T374,D25,V25,Parcel_Delivery,2026-08-16,2026-08-16 21:24:00,2026-08-16 21:56:00,32,18.06,33.87,49.44
T375,D25,V25,Food_Delivery,2026-08-10,2026-08-10 23:26:00,2026-08-10 23:54:00,28,13.86,29.69,39.26
T376,D26,V26,Food_Delivery,2026-08-10,2026-08-10 16:08:00,2026-08-10 16:42:00,34,16.66,29.4,43.2
T377,D26,V26,Food_Delivery,2026-08-11,2026-08-11 17:39:00,2026-08-11 17:59:00,20,9.17,27.51,45.43
T378,D26,V26,Parcel_Delivery,2026-08-12,2026-08-12 19:43:00,2026-08-12 20:18:00,35,16.69,28.61,40.26
T379,D26,V26,Food_Delivery,2026-08-13,2026-08-13 20:38:00,2026-08-13 21:02:00,24,11.78,29.46,42.7
T380,D26,V26,Quick_Commerce,2026-08-14,2026-08-14 22:05:00,2026-08-14 22:28:00,23,11.83,30.86,41.7
T381,D26,V26,Food_Delivery,2026-08-15,2026-08-15 23:16:00,2026-08-15 23:42:00,26,12.04,27.79,41.66
T382,D26,V26,Quick_Commerce,2026-08-17,2026-08-17 01:08:00,2026-08-17 01:26:00,18,7.26,24.19,38.39
T383,D26,V26,Quick_Commerce,2026-08-11,2026-08-11 02:32:00,2026-08-11 02:48:00,16,8.33,31.25,46.22
T384,D26,V26,On_Demand_Rider,2026-08-12,2026-08-12 04:32:00,2026-08-12 05:06:00,34,18.2,32.12,52.33
T385,D26,V26,Quick_Commerce,2026-08-13,2026-08-13 05:35:00,2026-08-13 05:54:00,19,8.35,26.36,37.1
T386,D26,V26,Quick_Commerce,2026-08-13,2026-08-13 17:28:00,2026-08-13 17:47:00,19,7.38,23.31,38.39
T387,D26,V26,Quick_Commerce,2026-08-14,2026-08-14 18:22:00,2026-08-14 18:57:00,35,19.23,32.97,49.34
T388,D26,V26,Food_Delivery,2026-08-15,2026-08-15 20:32:00,2026-08-15 21:06:00,34,18.37,32.41,48.64
T389,D26,V26,Food_Delivery,2026-08-16,2026-08-16 21:17:00,2026-08-16 21:44:00,27,13.8,30.67,45.39
T390,D26,V26,On_Demand_Rider,2026-08-10,2026-08-10 23:02:00,2026-08-10 23:20:00,18,8.3,27.67,42.56
T391,D27,V27,Parcel_Delivery,2026-08-10,2026-08-10 16:22:00,2026-08-10 16:51:00,29,15.49,32.04,44.74
T392,D27,V27,Quick_Commerce,2026-08-11,2026-08-11 17:24:00,2026-08-11 17:46:00,22,11.74,32.01,45.32
T393,D27,V27,Food_Delivery,2026-08-12,2026-08-12 19:28:00,2026-08-12 19:51:00,23,12.89,33.62,49.74
T394,D27,V27,Food_Delivery,2026-08-13,2026-08-13 20:06:00,2026-08-13 20:26:00,20,8.21,24.64,33.03
T395,D27,V27,Food_Delivery,2026-08-14,2026-08-14 22:13:00,2026-08-14 22:40:00,27,13.07,29.04,41.12
T396,D27,V27,Quick_Commerce,2026-08-15,2026-08-15 23:16:00,2026-08-15 23:45:00,29,16.39,33.92,44.49
T397,D27,V27,Food_Delivery,2026-08-17,2026-08-17 01:36:00,2026-08-17 02:08:00,32,16.6,31.13,48.49
T398,D27,V27,Parcel_Delivery,2026-08-11,2026-08-11 02:43:00,2026-08-11 03:08:00,25,12.56,30.15,41.64
T399,D27,V27,Food_Delivery,2026-08-12,2026-08-12 04:08:00,2026-08-12 04:24:00,16,6.9,25.87,38.49
T400,D27,V27,Food_Delivery,2026-08-13,2026-08-13 05:19:00,2026-08-13 05:48:00,29,14.45,29.89,41.15
T401,D27,V27,Food_Delivery,2026-08-13,2026-08-13 17:26:00,2026-08-13 17:49:00,23,10.1,26.34,36.18
T402,D27,V27,Quick_Commerce,2026-08-14,2026-08-14 18:37:00,2026-08-14 19:00:00,23,10.15,26.49,35.72
T403,D27,V27,Quick_Commerce,2026-08-15,2026-08-15 20:17:00,2026-08-15 20:39:00,22,11.59,31.62,40.13
T404,D27,V27,Food_Delivery,2026-08-16,2026-08-16 21:07:00,2026-08-16 21:36:00,29,14.79,30.61,42.62
T405,D27,V27,Food_Delivery,2026-08-10,2026-08-10 23:17:00,2026-08-10 23:53:00,36,19.3,32.16,45.62
T406,D28,V28,Food_Delivery,2026-08-10,2026-08-10 16:35:00,2026-08-10 17:01:00,26,14.64,33.78,47.49
T407,D28,V28,Food_Delivery,2026-08-11,2026-08-11 17:11:00,2026-08-11 17:31:00,20,9.87,29.6,39.85
T408,D28,V28,Quick_Commerce,2026-08-12,2026-08-12 19:41:00,2026-08-12 19:55:00,14,6.55,28.07,36.31
T409,D28,V28,Parcel_Delivery,2026-08-13,2026-08-13 20:32:00,2026-08-13 21:05:00,33,18.91,34.38,46.49
T410,D28,V28,Quick_Commerce,2026-08-14,2026-08-14 22:27:00,2026-08-14 22:55:00,28,15.2,32.57,43.87
T411,D28,V28,Food_Delivery,2026-08-15,2026-08-15 23:13:00,2026-08-15 23:30:00,17,8.07,28.48,41.11
T412,D28,V28,Food_Delivery,2026-08-17,2026-08-17 01:27:00,2026-08-17 01:42:00,15,7.18,28.71,40.94
T413,D28,V28,Food_Delivery,2026-08-11,2026-08-11 02:21:00,2026-08-11 02:36:00,15,7.3,29.19,43.16
T414,D28,V28,Quick_Commerce,2026-08-12,2026-08-12 04:15:00,2026-08-12 04:37:00,22,12.2,33.26,43.99
T415,D28,V28,Food_Delivery,2026-08-13,2026-08-13 05:25:00,2026-08-13 05:46:00,21,9.72,27.76,39.12
T416,D28,V28,Parcel_Delivery,2026-08-13,2026-08-13 17:37:00,2026-08-13 18:02:00,25,12.8,30.72,41.01
T417,D28,V28,Quick_Commerce,2026-08-14,2026-08-14 18:16:00,2026-08-14 18:45:00,29,15.89,32.88,48.8
T418,D28,V28,Parcel_Delivery,2026-08-15,2026-08-15 20:15:00,2026-08-15 20:33:00,18,8.99,29.98,40.1
T419,D28,V28,Quick_Commerce,2026-08-16,2026-08-16 21:17:00,2026-08-16 21:35:00,18,8.12,27.05,34.61
T420,D28,V28,Quick_Commerce,2026-08-10,2026-08-10 23:02:00,2026-08-10 23:32:00,30,16.38,32.76,41.15
T421,D29,V29,Parcel_Delivery,2026-08-10,2026-08-10 16:34:00,2026-08-10 16:51:00,17,11.64,41.1,60.12
T422,D29,V29,Quick_Commerce,2026-08-11,2026-08-11 17:39:00,2026-08-11 18:12:00,33,26.1,47.46,65.21
T423,D29,V29,Quick_Commerce,2026-08-12,2026-08-12 19:36:00,2026-08-12 20:08:00,32,23.45,43.97,61.75
T424,D29,V29,Quick_Commerce,2026-08-13,2026-08-13 20:16:00,2026-08-13 20:49:00,33,24.88,45.23,59.86
T425,D29,V29,Food_Delivery,2026-08-14,2026-08-14 22:07:00,2026-08-14 22:40:00,33,26.68,48.5,66.21
T426,D29,V29,Quick_Commerce,2026-08-15,2026-08-15 23:18:00,2026-08-15 23:40:00,22,17.06,46.53,62.45
T427,D29,V29,Quick_Commerce,2026-08-17,2026-08-17 01:14:00,2026-08-17 01:38:00,24,17.03,42.58,59.25
T428,D29,V29,Parcel_Delivery,2026-08-11,2026-08-11 02:12:00,2026-08-11 02:45:00,33,24.17,43.95,63.5
T429,D29,V29,Food_Delivery,2026-08-12,2026-08-12 04:41:00,2026-08-12 05:10:00,29,21.7,44.89,62.09
T430,D29,V29,Quick_Commerce,2026-08-13,2026-08-13 05:31:00,2026-08-13 06:08:00,37,25.76,41.78,61.17
T431,D29,V29,Food_Delivery,2026-08-13,2026-08-13 17:12:00,2026-08-13 17:30:00,18,11.11,37.02,58.0
T432,D29,V29,Food_Delivery,2026-08-14,2026-08-14 18:34:00,2026-08-14 19:01:00,27,20.46,45.47,62.78
T433,D29,V29,Parcel_Delivery,2026-08-15,2026-08-15 20:19:00,2026-08-15 20:43:00,24,17.9,44.75,64.12
T434,D29,V29,Food_Delivery,2026-08-16,2026-08-16 21:06:00,2026-08-16 21:29:00,23,17.72,46.23,60.68
T435,D29,V29,Parcel_Delivery,2026-08-10,2026-08-10 23:20:00,2026-08-10 23:36:00,16,11.47,43.0,64.18
T436,D30,V30,Food_Delivery,2026-08-10,2026-08-10 16:10:00,2026-08-10 16:35:00,25,12.25,29.4,39.99
T437,D30,V30,Quick_Commerce,2026-08-11,2026-08-11 17:22:00,2026-08-11 17:46:00,24,11.48,28.69,41.52
T438,D30,V30,On_Demand_Rider,2026-08-12,2026-08-12 19:11:00,2026-08-12 19:38:00,27,13.32,29.59,43.86
T439,D30,V30,Food_Delivery,2026-08-13,2026-08-13 20:06:00,2026-08-13 20:38:00,32,17.46,32.73,50.06
T440,D30,V30,Quick_Commerce,2026-08-14,2026-08-14 22:20:00,2026-08-14 22:39:00,19,8.88,28.04,37.05
T441,D30,V30,Quick_Commerce,2026-08-15,2026-08-15 23:02:00,2026-08-15 23:27:00,25,12.43,29.84,38.87
T442,D30,V30,Quick_Commerce,2026-08-17,2026-08-17 01:32:00,2026-08-17 01:51:00,19,9.32,29.42,43.46
T443,D30,V30,Quick_Commerce,2026-08-11,2026-08-11 02:05:00,2026-08-11 02:32:00,27,14.49,32.19,47.78
T444,D30,V30,Food_Delivery,2026-08-12,2026-08-12 04:05:00,2026-08-12 04:24:00,19,9.56,30.19,41.45
T445,D30,V30,Quick_Commerce,2026-08-13,2026-08-13 05:09:00,2026-08-13 05:25:00,16,7.43,27.87,43.88
T446,D30,V30,Food_Delivery,2026-08-13,2026-08-13 17:11:00,2026-08-13 17:27:00,16,6.59,24.72,36.2
T447,D30,V30,Food_Delivery,2026-08-14,2026-08-14 18:33:00,2026-08-14 18:51:00,18,8.36,27.88,40.4
T448,D30,V30,Food_Delivery,2026-08-15,2026-08-15 20:19:00,2026-08-15 20:47:00,28,14.34,30.73,42.15
T449,D30,V30,Quick_Commerce,2026-08-16,2026-08-16 21:16:00,2026-08-16 21:51:00,35,19.69,33.75,46.08
T450,D30,V30,Parcel_Delivery,2026-08-10,2026-08-10 23:26:00,2026-08-10 23:48:00,22,10.48,28.58,39.83
